<?xml version="1.0" encoding="UTF-8"?>
<project-private xmlns="http://www.netbeans.org/ns/project-private/1">
    <editor-bookmarks xmlns="http://www.netbeans.org/ns/editor-bookmarks/2" lastBookmarkId="0"/>
    <open-files xmlns="http://www.netbeans.org/ns/projectui-open-files/2">
        <group>
            <file>file:/C:/Users/User/Documents/NetBeansProjects/ClienteJAVA/src/java/Controlador/ControladorRegistro.java</file>
            <file>file:/C:/Users/User/Documents/NetBeansProjects/ClienteJAVA/src/java/Vistas/MenuIngreso.java</file>
            <file>file:/C:/Users/User/Documents/NetBeansProjects/ClienteJAVA/src/java/Test/TestWS.java</file>
            <file>file:/C:/Users/User/Documents/NetBeansProjects/ClienteJAVA/src/java/Vistas/VistaRegistroLogin.java</file>
            <file>file:/C:/Users/User/Documents/NetBeansProjects/ClienteJAVA/src/java/Controlador/ControladorMenu.java</file>
            <file>file:/C:/Users/User/Documents/NetBeansProjects/ClienteJAVA/src/java/Controlador/ControladorLogin.java</file>
        </group>
    </open-files>
</project-private>
